rank,acquisition_category,parcel_opportunity_score,confidence_score,owner,prop_id,situs,acres,node_name,node_edge_miles,qualified_frontage_road,qualified_frontage_ft,frontage_roads,corner_signal,road_score,future_residential_lots_nearby,aadt,aadt_5yr_growth_pct,nearest_retail_catalyst,retail_catalyst_miles,flood_pct,utility_confidence,why_this_tract,main_risks,verification_notes
1,PRIORITY,86.6,100,POINTON TAMMY K,209214,15596 W FM 471,4.82,Culebra Rd / SH 211,0.369,SH 211,326,SH 211 | CATALINA PORT,NO,90,8132.7,10000,0,Culebra / SH 211 H-E-B,0.55,0,PROXY,major-road frontage · within ½ mile of the node · 8132 weighted future residential lots · 0.6 mi from Culebra / SH 211 H-E-B · mapped SAWS feature ~160 ft from parcel,utility capacity is unverified,"Frontage is a GIS proximity proxy, not legal access. Sewer distance is a mapped-line proxy, not a capacity commitment. Confirm current title/CAD, survey, curb access, median/turn movements, ROW, flood and provider capacity. Frontage-qualified for immediate refresh using the October 1 live-GIS run with a conservative >=200 ft arterial/highway frontage proxy."
2,PRIORITY,86,100,WHITE ROCKY & LISA J,1095142,15122 W FM 471,4.19,Culebra Rd / SH 211,0.589,CULEBRA RD,570,PVT RD AT 15464 FM 471 W | CULEBRA RD | FM 471,STRONG,100,8132.7,11644,38.8,Culebra / SH 211 H-E-B,0.51,0,PROXY,corner exposure on a major road · within 1 mile of the node · 8132 weighted future residential lots · 0.5 mi from Culebra / SH 211 H-E-B · mapped SAWS feature ~27 ft from parcel,not on the immediate intersection | utility capacity is unverified,"Frontage is a GIS proximity proxy, not legal access. Sewer distance is a mapped-line proxy, not a capacity commitment. Confirm current title/CAD, survey, curb access, median/turn movements, ROW, flood and provider capacity. Frontage-qualified for immediate refresh using the October 1 live-GIS run with a conservative >=200 ft arterial/highway frontage proxy."
3,WATCH,84,100,DARIO PROPERTIES LTD,1307782,14988  POTRANCO RD,5.82,Texas Research Pkwy / SH 211,0.693,FM 1957,2784,FM 1957 | POTRANCO RD,STRONG,94,10209,22346,0,Culebra / SH 211 H-E-B,6.93,0,PROXY,corner exposure on a major road · within 1 mile of the node · 10209 weighted future residential lots · mapped SAWS feature ~6 ft from parcel · mostly raw / low-improvement land,not on the immediate intersection | utility capacity is unverified,"Frontage is a GIS proximity proxy, not legal access. Sewer distance is a mapped-line proxy, not a capacity commitment. Confirm current title/CAD, survey, curb access, median/turn movements, ROW, flood and provider capacity. Frontage-qualified for immediate refresh using the October 1 live-GIS run with a conservative >=200 ft arterial/highway frontage proxy."
4,WATCH,83,100,CUMBERLAND 211 LTD,1004521,POTRANCO RD,45.03,Texas Research Pkwy / SH 211,0.663,SH 211,506,SH 211 | STEVENS PKWY | STEVENS CIR,STRONG,100,10209,16500,0,Culebra / SH 211 H-E-B,6.07,0.7,PROXY,corner exposure on a major road · within 1 mile of the node · 10209 weighted future residential lots · mapped SAWS feature ~401 ft from parcel · mostly raw / low-improvement land,not on the immediate intersection | utility capacity is unverified | 0.7% mapped SFHA overlap,"Frontage is a GIS proximity proxy, not legal access. Sewer distance is a mapped-line proxy, not a capacity commitment. Confirm current title/CAD, survey, curb access, median/turn movements, ROW, flood and provider capacity. Frontage-qualified for immediate refresh using the October 1 live-GIS run with a conservative >=200 ft arterial/highway frontage proxy."
5,WATCH,82.6,100,CUMBERLAND 211 NORTH LTD,1260458,STEVENS PKWY,48.72,Texas Research Pkwy / SH 211,0.766,SH 211,3050,SH 211 | STEVENS PKWY,NO,90,10209,16500,0,Culebra / SH 211 H-E-B,6.32,7.1,PROXY,major-road frontage · within 1 mile of the node · 10209 weighted future residential lots · mapped SAWS feature ~0 ft from parcel · mostly raw / low-improvement land,not on the immediate intersection | utility capacity is unverified | 7.1% mapped SFHA overlap,"Frontage is a GIS proximity proxy, not legal access. Sewer distance is a mapped-line proxy, not a capacity commitment. Confirm current title/CAD, survey, curb access, median/turn movements, ROW, flood and provider capacity. Frontage-qualified for immediate refresh using the October 1 live-GIS run with a conservative >=200 ft arterial/highway frontage proxy."
6,PRIORITY,82.2,100,RANCHO COACHELLA PROPERTIES,201209,STATE HWY 211,16.08,Potranco Rd / SH 211,0.26,SH 211,1735,SH 211 | STATE HWY 211 S | ZETA DR | THETA DR,STRONG,100,11214.4,26938,85.8,Culebra / SH 211 H-E-B,7.51,0,PROXY,corner exposure on a major road · within ½ mile of the node · 11214 weighted future residential lots · mapped SAWS feature ~0 ft from parcel · mostly raw / low-improvement land,utility capacity is unverified,"Frontage is a GIS proximity proxy, not legal access. Sewer distance is a mapped-line proxy, not a capacity commitment. Confirm current title/CAD, survey, curb access, median/turn movements, ROW, flood and provider capacity. Frontage-qualified for immediate refresh using the October 1 live-GIS run with a conservative >=200 ft arterial/highway frontage proxy."
7,PRIORITY,81.7,100,RANCHO COACHELLA PROPERTIES,201186,STATE HWY 211,29.5,Potranco Rd / SH 211,0.347,SH 211,2711,SH 211 | STATE HWY 211 S | CITIBANK DR,STRONG,100,11214.4,26938,85.8,Culebra / SH 211 H-E-B,7.69,0,PROXY,corner exposure on a major road · within ½ mile of the node · 11214 weighted future residential lots · mapped SAWS feature ~73 ft from parcel · mostly raw / low-improvement land,utility capacity is unverified,"Frontage is a GIS proximity proxy, not legal access. Sewer distance is a mapped-line proxy, not a capacity commitment. Confirm current title/CAD, survey, curb access, median/turn movements, ROW, flood and provider capacity. Frontage-qualified for immediate refresh using the October 1 live-GIS run with a conservative >=200 ft arterial/highway frontage proxy."
8,PRIORITY,80.6,100,BRIGGS RANCH LTD,1050505,STATE HWY 211 ACCESS RD,33.61,US 90 / SH 211,0.168,STATE HWY 211 ACCESS RD,2491,STATE HWY 211 ACCESS RD,NO,90,11075.5,11975,1302.2,Culebra / SH 211 H-E-B,10.44,0,PROXY,major-road frontage · within ¼ mile of the node · 11075 weighted future residential lots · mapped SAWS feature ~181 ft from parcel · mostly raw / low-improvement land,utility capacity is unverified,"Frontage is a GIS proximity proxy, not legal access. Sewer distance is a mapped-line proxy, not a capacity commitment. Confirm current title/CAD, survey, curb access, median/turn movements, ROW, flood and provider capacity. Frontage-qualified for immediate refresh using the October 1 live-GIS run with a conservative >=200 ft arterial/highway frontage proxy."
9,PRIORITY,80.6,100,ABISO POTRANCO TWO LP,1180700,POTRANCO RD,4.25,Potranco Rd / SH 211,0.212,FM 1957,1461,FM 1957 | STEVENS PKWY | POTRANCO RD,STRONG,100,11214.4,31370,77.1,Culebra / SH 211 H-E-B,7.32,0,PROXY,corner exposure on a major road · within ¼ mile of the node · 11214 weighted future residential lots · mapped SAWS feature ~36 ft from parcel · mostly raw / low-improvement land,utility capacity is unverified,"Frontage is a GIS proximity proxy, not legal access. Sewer distance is a mapped-line proxy, not a capacity commitment. Confirm current title/CAD, survey, curb access, median/turn movements, ROW, flood and provider capacity. Frontage-qualified for immediate refresh using the October 1 live-GIS run with a conservative >=200 ft arterial/highway frontage proxy."
10,PRIORITY,79.9,100,ARCADIA 75 LLC,1401059,FM 1957,23.17,Talley Rd / Potranco Rd,0.041,W GROSENBACHER RD,685,W GROSENBACHER RD,NO,90,11355.8,39506,0,Culebra / SH 211 H-E-B,8.44,0,PROXY,major-road frontage · within ¼ mile of the node · 11355 weighted future residential lots · mapped SAWS feature ~0 ft from parcel · mostly raw / low-improvement land,utility capacity is unverified,"Frontage is a GIS proximity proxy, not legal access. Sewer distance is a mapped-line proxy, not a capacity commitment. Confirm current title/CAD, survey, curb access, median/turn movements, ROW, flood and provider capacity. Frontage-qualified for immediate refresh using the October 1 live-GIS run with a conservative >=200 ft arterial/highway frontage proxy."
11,PRIORITY,79.8,100,THREE ENCINO CROSSING LTD,1280325,W GROSENBACHER RD,9.78,Talley Rd / Potranco Rd,0.222,W GROSENBACHER RD,1518,W GROSENBACHER RD,NO,90,11355.8,6400,0,Culebra / SH 211 H-E-B,8.7,0,PROXY,major-road frontage · within ¼ mile of the node · 11355 weighted future residential lots · mapped SAWS feature ~0 ft from parcel · mostly raw / low-improvement land,utility capacity is unverified,"Frontage is a GIS proximity proxy, not legal access. Sewer distance is a mapped-line proxy, not a capacity commitment. Confirm current title/CAD, survey, curb access, median/turn movements, ROW, flood and provider capacity. Frontage-qualified for immediate refresh using the October 1 live-GIS run with a conservative >=200 ft arterial/highway frontage proxy."
12,WATCH,79.8,84,RS ANDRADE PROPERTY GROUP LLC,685394,8457  INTERSTATE 10 E,13.13,FM 1516 / I-10 East,0.3,IH 10,657,IH 10 | IH 10 E ACCESS RD,STRONG,100,4214.4,16373,445.4,H-E-B Foster campus,3.55,0,UNKNOWN,corner exposure on a major road · within ½ mile of the node · 4214 weighted future residential lots · mostly raw / low-improvement land · no mapped FEMA SFHA overlap returned,mapped sewer path is unverified,"Frontage is a GIS proximity proxy, not legal access. Sewer distance is a mapped-line proxy, not a capacity commitment. Confirm current title/CAD, survey, curb access, median/turn movements, ROW, flood and provider capacity. Frontage-qualified for immediate refresh using the October 1 live-GIS run with a conservative >=200 ft arterial/highway frontage proxy."
13,PRIORITY,79.7,100,RUIZ ROY,348230,13442 W US HIGHWAY 90,17.68,US 90 / SH 211,0.167,US HWY 90 W ACCESS RD,2491,US HWY 90 W ACCESS RD,NO,90,11075.5,11975,1302.2,Culebra / SH 211 H-E-B,10.74,0,PROXY,major-road frontage · within ¼ mile of the node · 11075 weighted future residential lots · mapped SAWS feature ~242 ft from parcel · mostly raw / low-improvement land,utility capacity is unverified,"Frontage is a GIS proximity proxy, not legal access. Sewer distance is a mapped-line proxy, not a capacity commitment. Confirm current title/CAD, survey, curb access, median/turn movements, ROW, flood and provider capacity. Frontage-qualified for immediate refresh using the October 1 live-GIS run with a conservative >=200 ft arterial/highway frontage proxy."
14,WATCH,79.4,84,CONNALLY CASTINGS LLC,1220148,2919  FM 1516 N,45.52,FM 1516 / I-10 East,0.166,FM 1516,3789,FM 1516 | FM 1516 N,STRONG,100,4214.4,5051,33.5,H-E-B Foster campus,3.39,0,UNKNOWN,corner exposure on a major road · within ¼ mile of the node · 4214 weighted future residential lots · mostly raw / low-improvement land · no mapped FEMA SFHA overlap returned,mapped sewer path is unverified,"Frontage is a GIS proximity proxy, not legal access. Sewer distance is a mapped-line proxy, not a capacity commitment. Confirm current title/CAD, survey, curb access, median/turn movements, ROW, flood and provider capacity. Frontage-qualified for immediate refresh using the October 1 live-GIS run with a conservative >=200 ft arterial/highway frontage proxy."
15,PRIORITY,79.2,100,ARCADIA 75 LLC,200735,12555 W GROSENBACHER RD,74.97,Talley Rd / Potranco Rd,0,W GROSENBACHER RD,1953,W GROSENBACHER RD,NO,90,11355.8,4789,0,Culebra / SH 211 H-E-B,8.39,0.7,PROXY,major-road frontage · within ¼ mile of the node · 11355 weighted future residential lots · mapped SAWS feature ~0 ft from parcel · mostly raw / low-improvement land,utility capacity is unverified | 0.7% mapped SFHA overlap,"Frontage is a GIS proximity proxy, not legal access. Sewer distance is a mapped-line proxy, not a capacity commitment. Confirm current title/CAD, survey, curb access, median/turn movements, ROW, flood and provider capacity. Frontage-qualified for immediate refresh using the October 1 live-GIS run with a conservative >=200 ft arterial/highway frontage proxy."
16,PRIORITY,78.9,100,BIPPERT DARRYL J,354134,13898 W US HIGHWAY 90,36.16,US 90 / SH 211,0.315,US HWY 90 W ACCESS RD,635,US HWY 90 W ACCESS RD | PVT RD,NO,90,11075.5,11975,1302.2,Culebra / SH 211 H-E-B,10.72,24.5,PROXY,major-road frontage · within ½ mile of the node · 11075 weighted future residential lots · mapped SAWS feature ~79 ft from parcel · mostly raw / low-improvement land,utility capacity is unverified | 24.5% mapped SFHA overlap,"Frontage is a GIS proximity proxy, not legal access. Sewer distance is a mapped-line proxy, not a capacity commitment. Confirm current title/CAD, survey, curb access, median/turn movements, ROW, flood and provider capacity. Frontage-qualified for immediate refresh using the October 1 live-GIS run with a conservative >=200 ft arterial/highway frontage proxy."
17,WATCH,78.5,84,STANTON BELL REAL ESTATE LTD,310261,10915  LOWER SEGUIN RD,92.3,Loop 1604 / Green Rd,0.667,LOWER SEGUIN RD,6244,LOWER SEGUIN RD | CITADEL PEAK | TATES DR,STRONG,94,3928.8,2381,7.3,I-10 / Loop 1604 East H-E-B,1.71,0,UNKNOWN,corner exposure on a major road · within 1 mile of the node · 3928 weighted future residential lots · 1.7 mi from I-10 / Loop 1604 East H-E-B · mostly raw / low-improvement land,not on the immediate intersection | mapped sewer path is unverified,"Frontage is a GIS proximity proxy, not legal access. Sewer distance is a mapped-line proxy, not a capacity commitment. Confirm current title/CAD, survey, curb access, median/turn movements, ROW, flood and provider capacity. Frontage-qualified for immediate refresh using the October 1 live-GIS run with a conservative >=200 ft arterial/highway frontage proxy."
18,WATCH,78.4,84,MMP PROPERTIES LLC,1008643,LOWER SEGUIN RD,5.97,Loop 1604 / Green Rd,0.754,LOWER SEGUIN RD,2209,LOWER SEGUIN RD | CITADEL PEAK,STRONG,94,3928.8,2381,7.3,I-10 / Loop 1604 East H-E-B,1.78,0,UNKNOWN,corner exposure on a major road · within 1 mile of the node · 3928 weighted future residential lots · 1.8 mi from I-10 / Loop 1604 East H-E-B · mostly raw / low-improvement land,not on the immediate intersection | mapped sewer path is unverified,"Frontage is a GIS proximity proxy, not legal access. Sewer distance is a mapped-line proxy, not a capacity commitment. Confirm current title/CAD, survey, curb access, median/turn movements, ROW, flood and provider capacity. Frontage-qualified for immediate refresh using the October 1 live-GIS run with a conservative >=200 ft arterial/highway frontage proxy."
19,WATCH,78.2,84,I-10 INVESTMENTS LTD,1245396,E IH 10,12.33,Schuwirth Rd / Loop 1604 East,0.972,IH 10,4744,IH 10 | IH 10 E ACCESS RD | NIETO DR | W VASQUEZ CIR,STRONG,100,5845.3,64268,0,I-10 / Loop 1604 East H-E-B,3.78,0,UNKNOWN,corner exposure on a major road · within 1 mile of the node · 5845 weighted future residential lots · mostly raw / low-improvement land · no mapped FEMA SFHA overlap returned,not on the immediate intersection | mapped sewer path is unverified,"Frontage is a GIS proximity proxy, not legal access. Sewer distance is a mapped-line proxy, not a capacity commitment. Confirm current title/CAD, survey, curb access, median/turn movements, ROW, flood and provider capacity. Frontage-qualified for immediate refresh using the October 1 live-GIS run with a conservative >=200 ft arterial/highway frontage proxy."
20,WATCH,77.8,84,JUNIPER VENTURES OF TEXAS LLC,1227561,E INTERSTATE 10,5.17,Schuwirth Rd / Loop 1604 East,0.576,IH 10 E ACCESS RD,715,IH 10 E ACCESS RD | IH 10 | SPEEDWAY LOOP,STRONG,100,5845.3,10498,897.9,I-10 / Loop 1604 East H-E-B,3.65,0,UNKNOWN,corner exposure on a major road · within 1 mile of the node · 5845 weighted future residential lots · mostly raw / low-improvement land · no mapped FEMA SFHA overlap returned,not on the immediate intersection | mapped sewer path is unverified,"Frontage is a GIS proximity proxy, not legal access. Sewer distance is a mapped-line proxy, not a capacity commitment. Confirm current title/CAD, survey, curb access, median/turn movements, ROW, flood and provider capacity. Frontage-qualified for immediate refresh using the October 1 live-GIS run with a conservative >=200 ft arterial/highway frontage proxy."
21,WATCH,77.7,84,MARSHALL FREDERICK S,619314,10192  INTERSTATE 10 E,5.3,Schuwirth Rd / Loop 1604 East,0.629,IH 10,2365,IH 10 | IH 10 E ACCESS RD | WEICHOLD RD | ROSALINA LOOP,STRONG,100,5845.3,5827,1139.8,I-10 / Loop 1604 East H-E-B,3.68,0,UNKNOWN,corner exposure on a major road · within 1 mile of the node · 5845 weighted future residential lots · mostly raw / low-improvement land · no mapped FEMA SFHA overlap returned,not on the immediate intersection | mapped sewer path is unverified,"Frontage is a GIS proximity proxy, not legal access. Sewer distance is a mapped-line proxy, not a capacity commitment. Confirm current title/CAD, survey, curb access, median/turn movements, ROW, flood and provider capacity. Frontage-qualified for immediate refresh using the October 1 live-GIS run with a conservative >=200 ft arterial/highway frontage proxy."
22,WATCH,77.5,84,MILLER BALOUS T & JULIE,339373,13085 E IH 10,34.91,FM 1518 / I-10,0.05,IH 10 E ACCESS RD,2759,IH 10 E ACCESS RD | IH 10 | E FM 1518 N | FM 1518,STRONG,100,4498.5,10714,33.6,I-10 / Loop 1604 East H-E-B,5.4,0,UNKNOWN,corner exposure on a major road · within ¼ mile of the node · 4498 weighted future residential lots · mostly raw / low-improvement land · no mapped FEMA SFHA overlap returned,mapped sewer path is unverified,"Frontage is a GIS proximity proxy, not legal access. Sewer distance is a mapped-line proxy, not a capacity commitment. Confirm current title/CAD, survey, curb access, median/turn movements, ROW, flood and provider capacity. Frontage-qualified for immediate refresh using the October 1 live-GIS run with a conservative >=200 ft arterial/highway frontage proxy."
23,WATCH,77.5,84,HIME LIVING TRUST,339370,12835  INTERSTATE 10 E,10.02,FM 1518 / I-10,0.407,IH 10 E ACCESS RD,735,IH 10 E ACCESS RD | IH 10,STRONG,100,4498.5,10714,33.6,I-10 / Loop 1604 East H-E-B,5.2,0,UNKNOWN,corner exposure on a major road · within ½ mile of the node · 4498 weighted future residential lots · mostly raw / low-improvement land · no mapped FEMA SFHA overlap returned,mapped sewer path is unverified,"Frontage is a GIS proximity proxy, not legal access. Sewer distance is a mapped-line proxy, not a capacity commitment. Confirm current title/CAD, survey, curb access, median/turn movements, ROW, flood and provider capacity. Frontage-qualified for immediate refresh using the October 1 live-GIS run with a conservative >=200 ft arterial/highway frontage proxy."
24,WATCH,77.5,84,NAJDS PROPERTY INVESTMENTS INC,340081,FM 1518,5,FM 1518 / I-10,0.569,FM 1518,823,FM 1518 | E FM 1518 N,STRONG,100,4498.5,10714,33.6,I-10 / Loop 1604 East H-E-B,5.13,0,UNKNOWN,corner exposure on a major road · within 1 mile of the node · 4498 weighted future residential lots · mostly raw / low-improvement land · no mapped FEMA SFHA overlap returned,not on the immediate intersection | mapped sewer path is unverified,"Frontage is a GIS proximity proxy, not legal access. Sewer distance is a mapped-line proxy, not a capacity commitment. Confirm current title/CAD, survey, curb access, median/turn movements, ROW, flood and provider capacity. Frontage-qualified for immediate refresh using the October 1 live-GIS run with a conservative >=200 ft arterial/highway frontage proxy."
